
{
	"name" : "default",
	"scores" : 
	{
		"easy" : 116.8226318359375,
		"endgame" : 5.758521556854248,
		"extra" : 19.13132667541504,
		"hard" : 75.56116485595703,
		"love" : 38.60024261474609,
		"lunatic" : 45.73414993286133,
		"normal" : 98.53533172607422,
		"tutorial" : 45.00143432617188,
		"tutorial2" : 46.00034332275391,
		"zen" : 50.46346664428711
	}
}
