
{
	"name" : "default",
	"scores" : 
	{
		"easy" : 116.8226318359375,
		"extra" : 8.786068916320801,
		"hard" : 75.56116485595703,
		"lunatic" : 22.33992195129395,
		"normal" : 98.42213439941406,
		"tutorial" : 45.00098800659180,
		"tutorial2" : 45.00050735473633
	}
}
