
{
	"name" : "default",
	"scores" : 
	{
		"easy" : 116.8226318359375,
		"endgame" : 5.758521556854248,
		"extra" : 8.786068916320801,
		"hard" : 75.56116485595703,
		"love" : 23.31377220153809,
		"lunatic" : 37.45225906372070,
		"normal" : 98.42213439941406,
		"tutorial" : 45.00098800659180,
		"tutorial2" : 46.00034332275391
	}
}
