
{
	"name" : "default",
	"scores" : 
	{
		"easy" : 116.8226318359375,
		"endgame" : 5.758521556854248,
		"extra" : 18.43188667297363,
		"hard" : 75.56116485595703,
		"love" : 38.60024261474609,
		"lunatic" : 45.73414993286133,
		"normal" : 98.42213439941406,
		"tutorial" : 45.00098800659180,
		"tutorial2" : 46.00034332275391
	}
}
