
{
	"name" : "default",
	"scores" : 
	{
		"easy" : 116.8226318359375,
		"extra" : null,
		"hard" : 75.56116485595703,
		"lunatic" : 16.26330375671387,
		"normal" : 78.52239227294922,
		"tutorial" : 45.00098800659180,
		"tutorial2" : 45.00050735473633
	}
}
