
{
	"name" : "vee",
	"scores" : 
	{
		"easy" : 106.7243652343750,
		"extra" : 19.60993194580078,
		"hard" : 50.13335037231445,
		"lunatic" : 24.78000831604004,
		"normal" : 68.59888458251953,
		"tutorial" : 45.00065612792969,
		"tutorial2" : 3.530450344085693,
		"zen" : 34.90354537963867
	}
}
