
{
	"name" : "vee",
	"scores" : 
	{
		"easy" : 106.7243652343750,
		"extra" : 19.60993194580078,
		"hard" : 50.13335037231445,
		"lunatic" : 24.78000831604004,
		"normal" : 61.68521118164063,
		"tutorial" : null,
		"zen" : 34.90354537963867
	}
}
