
{
	"name" : "vee",
	"scores" : 
	{
		"easy" : 5.694089889526367,
		"extra" : 17.67881393432617,
		"hard" : 50.15573120117188,
		"lunatic" : 22.33276557922363,
		"normal" : 38.70950317382813,
		"tutorial" : 28.10816574096680,
		"tutorial2" : null
	}
}
