
{
	"name" : "vee",
	"scores" : 
	{
		"easy" : 3.577111244201660,
		"extra" : 17.67881393432617,
		"hard" : 50.15573120117188,
		"lunatic" : 22.33276557922363,
		"normal" : 38.70950317382813,
		"tutorial" : 3.392221450805664,
		"tutorial2" : null
	}
}
