
{
	"name" : "dgsgdgsdg",
	"scores" : 
	{
		"Packs/VeeDefault/easy_m_1" : 7.586928367614746,
		"Packs/VeeDefault/extra_m_1" : 12.14259624481201,
		"Packs/VeeDefault/goldenratio_m_1" : 17.91882514953613,
		"Packs/VeeDefault/hard_m_1" : 8.903450965881348,
		"Packs/VeeDefault/lunatic_m_1" : 14.65599155426025,
		"Packs/VeeDefault/lunatic_m_1.25" : null,
		"Packs/VeeDefault/normal_m_1" : 10.25611209869385,
		"Packs/VeeDefault/pi_m_0.25" : null,
		"Packs/VeeDefault/pi_m_0.75" : null,
		"Packs/VeeDefault/pi_m_1" : 19.06370544433594,
		"Packs/VeeDefault/pi_m_1.25" : null,
		"Packs/VeeDefault/pi_m_1.5" : 4.940219879150391,
		"Packs/VeeDefault/tutorial_m_1" : 13.81839275360107,
		"Packs/VeeEndurance/commando_m_1" : null,
		"Packs/VeeEndurance/commando_m_1.25" : 16.72100639343262,
		"Packs/VeeEndurance/commando_m_1.5" : null,
		"Packs/VeeEndurance/labyrinth_m_1" : 11.52836704254150
	},
	"version" : 1.710000038146973
}
